<?xml version="1.0" encoding="UTF-8"?>
<project-private xmlns="http://www.netbeans.org/ns/project-private/1">
    <editor-bookmarks xmlns="http://www.netbeans.org/ns/editor-bookmarks/2" lastBookmarkId="0"/>
    <open-files xmlns="http://www.netbeans.org/ns/projectui-open-files/2">
        <group>
            <file>file:/D:/usbdev/Php%20projects/phpProjects/indexAngular.html</file>
            <file>file:/D:/usbdev/Php%20projects/phpProjects/css/loginAngular.css</file>
            <file>file:/D:/usbdev/Php%20projects/phpProjects/css/common.css</file>
            <file>file:/D:/usbdev/Php%20projects/phpProjects/js/jsAngular.js</file>
            <file>file:/D:/usbdev/Php%20projects/phpProjects/indexAngular.php</file>
        </group>
    </open-files>
</project-private>
